,اسم الشركة,رمز الشركة,نسب مالية,,,,,مؤشر شارة,التفسير
الطاقه,المصافي,2030,-4%,-4%,2%,-182%,-204%,-78%,تظهر النسبه سالبه ومنخفضه بسبب ارتفاع تكاليف إيرادات الشركة والتكاليف التمويلية والتشغيلية للعمليات
الطاقه,أرامكو السعودية,2222,13%,19%,31%,48%,25%,27%,تظهر النسبة إيجابية ومرتفعة نسبياً بسبب تحقيق الشركة لايرادات جيدة ونظراً لارتفاع كلا من موجودات وحقوق ملكية الشركة وايضاً بسبب مديونيتها العاليه
الطاقه,بترو رابغ,2380,-6%,-36%,83%,-4%,-13%,5%,تظهر النسبة إيجابية بسبب ارتفاع إيرادات الشركة وموجوداتها
الطاقه,الحفر العربية,2381,2%,4%,44%,21%,9%,16%,تظهر النسبة إيجابية بسبب موجودات الشركة وحقوق ملكيتها المرتفعه وكذلك تحقيقها لإيرادات مستقرة
الطاقه,أديس,2382,3%,10%,70%,39%,13%,27%,تظهر النسبة إيجابية ومرتفعة نسبياً بسبب ارتفاع موجودات الشركة وتحقيقها لايرادات جيدة وايضاً بسبب مديونيتها العاليه 
الطاقه,البحري,4030,8%,13%,44%,26%,26%,23%,تظهر النسبة إيجابية بسبب ارتفاع موجودات الشركة وحقوق ملكيتها وتحقيقها لايرادات جيدة 
الطاقه,الدريس,4200,3%,18%,83%,4%,2%,22%,تظهر النسبة إيجابية بسبب ارتفاع موجودات الشركة وتحقيق إيرادات جيدةوايضاً بسبب مديونيتها العاليه
المواد الأساسية,تكوين,1201,-2%,-6%,66%,12%,-5%,13%,تظهر النسبة إيجابية بسبب ارتفاع موجودات الشركة وتحقيق إيرادات جيدة
المواد الأساسية,مبكو,1202,-1%,-2%,37%,18%,-4%,9%,تظهر النسبة إيجابية بسبب ارتفاع موجودات الشركة وحقوق ملكيتها 
المواد الأساسية,بي سي آي,1210,2%,4%,44%,24%,5%,16%,تظهر النسبة إيجابية بسبب ارتفاع أرباح الشركة وموجوداتها وحقوق ملكيتها 
المواد الأساسية,معادن,1211,3%,6%,48%,31%,16%,21%,تظهر النسبة إيجابية بسبب ارتفاع أرباح الشركة بشكل كبير وارتفاع موجوداتها 
المواد الأساسية,أسلاك,1301,3%,4%,19%,8%,3%,7%,تظهر النسبة إيجابية بسبب ارتفاع أرباح الشركة وموجوداتها وحقوق ملكيتها 
المواد الأساسية,اليمامة للحديد,1304,4%,10%,63%,12%,4%,19%,تظهر النسبة إيجابية بسبب تحقيق الشركة لارباح جيدة ونظراً لارتفاع كلا من إيرادات وموجودات وحقوق ملكية الشركة وايضاً بسبب مديونيتها العاليه
المواد الأساسية,أنابيب السعودية,1320,12%,20%,39%,24%,16%,22%,تظهر النسبة إيجابية بسبب تحقيق الشركة لارباح وايرادات جيدة ونظراً لارتفاع حقوق ملكية الشركة 
المواد الأساسية,أنابيب الشرق,1321,,,,,,,
المواد الأساسية,أماك,1322,9%,11%,21%,36%,25%,20%,تظهر النسبة إيجابية بسبب تحقيق الشركة لارباح وايرادات جيدة ونظراً لارتفاع الموجودات وحقوق ملكية الشركة 
المواد الأساسية,كيمانول,2001,-4%,-9%,54%,14%,-15%,8%,تظهر النسبة إيجابية بسبب ارتفاع موجودات الشركة وحقوق ملكيتها 
المواد الأساسية,سابك,2010,2%,3%,31%,19%,5%,12%,تظهر النسبة إيجابية بسبب موجودات الشركة وحقوق ملكيتها المرتفعه وكذلك تحقيقها لإيرادات وارباح مستقرة
المواد الأساسية,سابك للمغذيات الزراعية,2020,9.95%,12%,20%,37%,31%,22%,تظهر النسبة إيجابية بسبب موجودات الشركة وحقوق ملكيتها المرتفعه وكذلك تحقيقها لإيرادات وارباح مستقرة
المواد الأساسية,التصنيع,2060,0%,1%,53%,8%,3%,13%,تظهر النسبة إيجابية بسبب ارتفاع موجودات الشركة وحقوق ملكيتها وتحقيق إيرادات جيدة
المواد الأساسية,جبسكو,2090,-2%,-2%,11%,16%,-16%,1%,تظهر النسبة إيجابية بسبب ارتفاع موجودات الشركة وحقوق ملكيتها 
المواد الأساسية,زجاج,2150,9%,10%,10%,23%,73%,25%,تظهر النسبة إيجابية ومرتفعة نسبياً بسبب ارتفاع موجودات الشركة وحقوق ملكيتها وتحقيقها لارباح جيدة نتيجةً لخفض تكاليفها
المواد الأساسية,اللجين,2170,1%,1%,10%,18%,6%,7%,تظهر النسبة إيجابية ارتفاع بسبب موجودات الشركة وحقوق ملكيتها 
المواد الأساسية,فيبكو,2180,3%,5%,49%,20%,4%,16%,تظهر النسبة إيجابية ارتفاع بسبب موجودات الشركة وحقوق ملكيتها وتحقيق ربح جيد ومستقر
المواد الأساسية,أنابيب,2200,15%,40%,62%,25%,16%,32%,تظهر النسبة إيجابية ومرتفعة نسبياً بسبب تحقيق الشركة لايرادات وارباح جيدة ونظراً لارتفاع كلا من موجودات وحقوق ملكية الشركة وايضاً بسبب مديونيتها العاليه
المواد الأساسية,نماء للكيماويات,2210,-3%,-15%,81%,-14%,-10%,8%,تظهر النسبة إيجابية بسبب ارتفاع إيرادات الشركة وموجوداتها
المواد الأساسية,معدنية,2220,-7%,-11%,33%,1%,-15%,0%,تظهر النسبة إيجابية بسبب ارتفاع موجودات الشركة وحقوق ملكيتها 
المواد الأساسية,لوبريف,2223,9%,18%,49%,13%,10%,20%,تظهر النسبة إيجابية بسبب تحقيق إيرادات جيدة وارتفاع موجودات الشركة وحقوق ملكيتها 
المواد الأساسية,الزامل للصناعة,2240,1%,8%,90%,16%,1%,23%,تظهر النسبة إيجابية بسبب تحقيق إيرادات جيدة وارتفاع موجودات الشركة وايضاً بسبب مديونيتها العاليه
المواد الأساسية,المجموعة السعودية,2250,2%,2%,4%,81%,76%,33%,تظهر النسبة إيجابية ومرتفعة نسبياً بسبب تحقيق الشركة لايرادات وارباح جيدة ونظراً لارتفاع كلا من موجودات وحقوق ملكية الشركة 
المواد الأساسية,ينساب,2290,3%,4%,17%,18%,10%,10%,تظهر النسبة إيجابية بسبب ارتفاع موجودات الشركة وحقوق ملكيتها 
المواد الأساسية,صناعة الورق,2300,7%,16%,58%,33%,13%,25%,تظهر النسبة إيجابية ومرتفعة نسبياً بسبب تحقيق الشركة لايرادات وارباح جيدة ونظراً لارتفاع كلا من موجودات وحقوق ملكية الشركة  وايضاً بسبب مديونيتها العاليه
المواد الأساسية,سبكيم العالمية,2310,2%,3%,25%,21%,9%,12%,تظهر النسبة إيجابية بسبب ارتفاع حقوق الملكية للشركة وموجوداتها العالية
المواد الأساسية,المتقدمة,2330,0%,1%,71%,17%,1%,18%,تظهر النسبة إيجابية بسبب ارتفاع موجودات الشركة وحقوق ملكيتها 
المواد الأساسية,كيان السعودية,2350,-4%,-9%,52%,-4%,-17%,3%,تظهر النسبة إيجابية بسبب ارتفاع موجودات الشركة وحقوق ملكيتها 
المواد الأساسية,الفخارية,2360,-42%,-59%,28%,-35%,-190%,-59%,تظهر النسبه سالبه ومنخفضه بسبب ارتفاع تكاليف إيرادات الشركة وخسارة انخفاض في قيمة الموجودات وكذلك التكاليف التشغيلية للشركة 
المواد الأساسية,أسمنت نجران,3002,2%,2%,19%,26%,12%,12%,تظهر النسبة إيجابية بسبب تحقيق إيرادات جيدة وارتفاع موجودات الشركة وحقوق ملكيتها 
المواد الأساسية,أسمنت المدينة,3003,6%,6%,5%,37%,29%,16%,تظهر النسبة إيجابية بسبب تحقيق إيرادات وارباح جيدة وارتفاع موجودات الشركة وحقوق ملكيتها 
المواد الأساسية,أسمنت الشمالية,3004,2%,4%,34%,33%,18%,18%,تظهر النسبة إيجابية بسبب تحقيق ارباح جيدة وارتفاع موجودات الشركة وحقوق ملكيتها 
المواد الأساسية,أسمنت ام القرى,3005,3%,5%,32%,35%,21%,19%,تظهر النسبة إيجابية بسبب تحقيق إيرادات وارباح جيدة وارتفاع موجودات الشركة وحقوق ملكيتها 
المواد الأساسية,الواحة,3007,1%,2%,50%,10%,1%,13%,تظهر النسبة إيجابية بسبب ارتفاع موجودات الشركة وحقوق ملكيتها واستقرار إيراداتها
المواد الأساسية,الكثيري,3008,1%,2%,56%,14%,1%,15%,تظهر النسبة إيجابية بسبب تحقيق إيرادات جيدة وارتفاع موجودات الشركة وحقوق ملكيتها 
المواد الأساسية,أسمنت العربية,3010,4%,5%,14%,30%,21%,15%,تظهر النسبة إيجابية  بسبب تحقيق الشركة لارباح جيدة نتيجةً لخفض تكاليفها
المواد الأساسية,أسمنت اليمامة,3020,4%,6%,32%,46%,37%,25%,تظهر النسبة إيجابية ومرتفعة نسبياً بسبب تحقيق الشركة لايرادات وارباح جيدة ونظراً لارتفاع كلا من موجودات وحقوق ملكية الشركة 
المواد الأساسية,أسمنت السعودية,3030,9%,14%,35%,40%,25%,25%,تظهر النسبة إيجابية ومرتفعة نسبياً بسبب تحقيق الشركة لايرادات وارباح جيدة ونظراً لارتفاع موجودات الشركة
المواد الأساسية,أسمنت القصيم,3040,7%,8%,10%,36%,33%,19%,تظهر النسبة إيجابية بسبب تحقيق الشركة لايرادات وارباح جيدة ونظراً لارتفاع كلا من موجودات وحقوق ملكية الشركة 
المواد الأساسية,أسمنت الجنوب,3050,3%,4%,21%,31%,21%,16%,تظهر النسبة إيجابية بسبب تحقيق ارباح جيدة وارتفاع موجودات الشركة
المواد الأساسية,أسمنت ينبع,3060,4%,5%,21%,32%,21%,16%,تظهر النسبة إيجابية بسبب تحقيق الشركة لايرادات وارباح جيدة ونظراً لارتفاع حقوق ملكية الشركة 
المواد الأساسية,أسمنت الشرقية,3080,7%,8%,17%,30%,22%,17%,تظهر النسبة إيجابية بسبب تحقيق الشركة لايرادات وارباح جيدة ونظراً لارتفاع كلا من موجودات وحقوق ملكية الشركة 
المواد الأساسية,أسمنت تبوك,3090,4%,5%,19%,31%,27%,17%,تظهر النسبة إيجابية بسبب تحقيق الشركة لايرادات وارباح جيدة ونظراً لارتفاع حقوق ملكية الشركة 
المواد الأساسية,أسمنت الجوف,3091,1%,2%,42%,33%,13%,18%,تظهر النسبة إيجابية بسبب تحقيق الشركة لايرادات جيدة ونظراً لارتفاع كلا من موجودات وحقوق ملكية الشركة 
المواد الأساسية,أسمنت الرياض,3092,12%,13%,8%,43%,41%,24%,تظهر النسبة إيجابية بسبب تحقيق الشركة لايرادات وارباح جيدة ونظراً لارتفاع موجودات وحقوق ملكية الشركة
السلع الرأسمالية,أسترا الصناعية,1212,9%,20%,52%,43%,20%,29%,تظهر النسبة إيجابية ومرتفعة نسبياً بسبب تحقيق الشركة لايرادات وارباح جيدة ونظراً لارتفاع كلا من موجودات وحقوق ملكية الشركة 
السلع الرأسمالية,شاكر,1214,4%,8%,52%,24%,6%,19%,تظهر النسبة إيجابية بسبب تحقيق الشركة لايرادات وارباح جيدة ونظراً لارتفاع كلا من موجودات وحقوق ملكية الشركة 
السلع الرأسمالية,بوان,1302,4%,9%,56%,11%,4%,17%,تظهر النسبة إيجابية بسبب استقرار ايرادات وارباح الشركة و كلا من موجودات وحقوق ملكية الشركة  وايضاً بسبب مديونيتها العاليه
السلع الرأسمالية,الصناعات الكهربائية,1303,14%,35%,60%,33%,19%,32%,تظهر النسبة إيجابية ومرتفعة نسبياً بسبب تحقيق الشركة لايرادات وارباح جيدة ونظراً لارتفاع كلا من موجودات وحقوق ملكية الشركة وايضاً بسبب مديونيتها العاليه
السلع الرأسمالية,الخزف السعودي,2040,0%,1%,47%,23%,1%,14%,تظهر النسبة إيجابية بسبب تحقيق الشركة لايرادات وارباح جيدة 
السلع الرأسمالية,الكابلات السعودية,2110,8%,-13%,163%,-87%,186%,51%,تظهر النسبة إيجابية بسبب تحقيق الشركة لايرادات وارتفاع موجودات الشركة *السبب الأكبر في ارتفاع النسبه هو ارتفاع نسبة مديونية الشركة*
السلع الرأسمالية,أميانتيت,2160,23%,51%,55%,-2%,81%,42%,تظهر النسبة إيجابية ومرتفعة نسبياً بسبب تحقيق الشركة لايرادات وارباح جيدة ونظراً لارتفاع حقوق ملكية الشركة 
السلع الرأسمالية,البابطين,2320,7%,18%,63%,15%,9%,22%,تظهر النسبة إيجابية بسبب تحقيق الشركة لايرادات وارباح جيدة ونظراً لارتفاع حقوق ملكية الشركة 
السلع الرأسمالية,مسك,2370,8%,15%,49%,18%,8%,20%,تظهر النسبة إيجابية بسبب تحقيق الشركة لايرادات وارباح جيدة ونظراً لارتفاع كلا من موجودات وحقوق ملكية الشركة 
السلع الرأسمالية,باتك,4110,0%,0%,70%,13%,0%,17%,تظهر النسبة إيجابية بسبب تحقيق الشركة لايرادات وارباح جيدة ونظراً لارتفاع كلا من موجودات وحقوق ملكية الشركة  وايضاً بسبب مديونيتها العاليه
السلع الرأسمالية,صادرات,4140,-9%,-9%,6%,-13%,-54%,-16%,تظهر النسبه سالبه بسبب ارتفاع تكاليف إيرادات الشركة والتكاليف التشغيلية لعمليات الشركة 
السلع الرأسمالية,العمران,4141,-1%,-1%,28%,17%,-2%,8%,تظهر النسبة إيجابية بسبب تحقيق الشركة لايرادات وارباح جيدة 
السلع الرأسمالية,كابلات الرياض,4142,9%,21%,57%,15%,9%,22%,تظهر النسبة إيجابية بسبب تحقيق الشركة لايرادات وارباح جيدة و لارتفاع موجودات الشركة وايضاً بسبب مديونيتها العاليه
السلع الرأسمالية,تالكو,4143,9%,11%,23%,23%,12%,15%,تظهر النسبة إيجابية بسبب تحقيق الشركة لارباح جيدة ونظراً لارتفاع موجودات وحقوق ملكية الشركة
الخدمات التجارية والمهنيه,مهارة,1831,7%,20%,66%,12%,8%,23%,تظهر النسبة إيجابية بسبب تحقيق الشركة لايرادات وارباح جيدة ونظراً لارتفاع كلا من موجودات وحقوق ملكية الشركة وايضاً بسبب مديونيتها العاليه
الخدمات التجارية والمهنيه,صدر,1832,-3%,-4%,29%,17%,-9%,6%,تظهر النسبة إيجابية بسبب استقرار ايرادات الشركة موجوداتها
الخدمات التجارية والمهنيه,الموارد,1833,8%,18%,52%,10%,5%,19%,تظهر النسبة إيجابية بسبب تحقيق الشركة لايرادات جيدة واستقرار أرباحها ونظراً لارتفاع كلا من موجودات وحقوق ملكية الشركة 
الخدمات التجارية والمهنيه,سماسكو,1834,9%,18%,48%,12%,7%,19%,تظهر النسبة إيجابية بسبب تحقيق الشركة لايرادات جيدة ونظراً لارتفاع كلا من موجودات وحقوق ملكية الشركة 
الخدمات التجارية والمهنيه,طباعة وتغليف,4270,-9%,-36%,73%,8%,-24%,2%,تظهر النسبة إيجابية بسبب استقرار ايرادات الشركة موجوداتها
الخدمات التجارية والمهنيه,كاتريون,6004,10%,19%,44%,27%,15%,23%,تظهر النسبة إيجابية بسبب تحقيق الشركة لايرادات وارباح جيدة ونظراً لارتفاع كلا من موجودات وحقوق ملكية الشركة 
النقل,سيسكو القابضة,2190,1%,2%,59%,49%,4%,23%,تظهر النسبة إيجابية بسبب تحقيق الشركة لايرادات جيدة ونظراً لارتفاع كلا من موجودات وحقوق ملكية الشركة  وايضاً بسبب مديونيتها العاليه
النقل,الخدمات الأرضية,4031,5%,10%,44%,20%,12%,18%,تظهر النسبة إيجابية بسبب تحقيق الشركة لايرادات وارباح جيدة ونظراً لارتفاع كلا من موجودات وحقوق ملكية الشركة 
النقل,سابتكو,4040,1%,2%,77%,20%,2%,20%,تظهر النسبة إيجابية بسبب ارتفاع كلا من موجودات وحقوق ملكية الشركة  وايضاً بسبب مديونيتها العاليه
النقل,بدجت السعودية,4260,4%,8%,46%,30%,16%,21%,تظهر النسبة إيجابية بسبب تحقيق الشركة لايرادات وارباح جيدة ونظراً لارتفاع كلا من موجودات وحقوق ملكية الشركة 
النقل,ذيب,4261,5%,16%,67%,32%,14%,27%,تظهر النسبة إيجابية ومرتفعة نسبياً بسبب تحقيق الشركة لايرادات وارباح جيدة ونظراً لارتفاع كلا من موجودات وحقوق ملكية الشركة 
النقل,لومي,4262,4%,11%,65%,28%,11%,24%,تظهر النسبة إيجابية بسبب تحقيق الشركة لايرادات جيدة واستقرار أرباحها ونظراً لارتفاع كلا من موجودات وحقوق ملكية الشركة  وايضاً بسبب مديونيتها العاليه
النقل,سال,4263,16%,38%,57%,56%,42%,42%,تظهر النسبة إيجابية ومرتفعة نسبياً بسبب تحقيق الشركة لايرادات وارباح جيدة ونظراً لارتفاع حقوق ملكية واستقرار موجودات الشركة 
السلع طويلة الاجل,نسيج,1213,-3%,-17%,81%,12%,-7%,13%,تظهر النسبة إيجابية بسبب تحقيق الشركة لايرادات مستقره رغم خسارة أرباحها وايضاً بسبب مديونيتها العاليه
السلع طويلة الاجل,صدق,2130,-6%,-14%,54%,21%,-41%,3%,تظهر النسبة إيجابية بسبب تحقيق الشركة لايرادات مستقره رغم خسارة أرباحها وايضاً بسبب استقرار موجوداتها وحقوق ملكيتها
السلع طويلة الاجل,ارتيكس,2340,-1%,-1%,21%,5%,-3%,4%,تظهر النسبة إيجابية بسبب تحقيق الشركة لايرادات وارباح  ونظراً لاستقرار حقوق ملكية وموجودات الشركة 
السلع طويلة الاجل,لازوردي,4011,1%,8%,84%,17%,2%,23%,تظهر النسبة إيجابية بسبب تحقيق الشركة لايرادات جيدة ونظراً لارتفاع الموجودات واستقرار حقوق ملكية الشركة 
السلع طويلة الاجل,الأصيل,4012,10%,12%,16%,41%,18%,20%,تظهر النسبة إيجابية بسبب تحقيق الشركة لارباح  جيدة ونظراً لاستقرار حقوق ملكية وموجودات الشركة 
السلع طويلة الاجل,مجموعة فتيحي,4180,2%,2%,4%,41%,39%,18%,تظهر النسبة إيجابية بسبب تحقيق الشركة لارباح  جيدة ونظراً لاستقرار حقوق ملكية وموجودات الشركة 
الخدمات الاستهلاكية,سيرا,1810,2%,2%,38%,43%,6%,18%,تظهر النسبة إيجابية بسبب تحقيق الشركة لايرادات وارباح جيدة ونظراً لارتفاع حقوق الملكية واستقرار موجودات الشركة 
الخدمات الاستهلاكية,مجموعة الحكير,1820,1%,8%,89%,62%,7%,33%,تظهر النسبة إيجابية بسبب تحقيق الشركة لايرادات جيدة وتحقيق ارباح بعد خسائر  واستقرار حقوق الملكية وموجودات الشركة وايضاً بسبب مديونيتها العاليه
الخدمات الاستهلاكية,لجام للرياضة,1830,9%,28%,67%,41%,32%,36%,تظهر النسبة إيجابية ومرتفعة نسبياً بسبب تحقيق الشركة لايرادات وارباح جيدة ونظراً لارتفاع كلا من موجودات وحقوق ملكية الشركة  وأيضا بسبب مديونيتها العاليه
الخدمات الاستهلاكية,شمس,4170,1%,2%,6%,12%,129%,30%,تظهر النسبة إيجابية ومرتفعة نسبياً بسبب تحقيق الشركة لارباح جيدة وايرادات مستقره ونظراً لارتفاع كلا من موجودات وحقوق ملكية الشركة  
الخدمات الاستهلاكية,الخليج للتدريب,4290,5%,17%,73%,20%,12%,25%,تظهر النسبة إيجابية ومرتفعة نسبياً بسبب تحقيق الشركة لايرادات وارباح جيدة ونظراً لارتفاع كلا من موجودات وحقوق ملكية الشركة وأيضا بسبب مديونيتها العاليه
الخدمات الاستهلاكية,الوطنية للتعليم,4291,3%,5%,43%,45%,23%,24%,تظهر النسبة إيجابية بسبب تحقيق الشركة لايرادات وارباح جيدة ونظراً لارتفاع كلا من موجودات وحقوق ملكية الشركة 
الخدمات الاستهلاكية,عطاء,4292,,,,,,,
الخدمات الاستهلاكية,هرفي للأغذية,6002,-3%,-6%,46%,21%,-7%,10%,تظهر النسبة إيجابية بسبب تحقيق الشركة لايرادات مستقرة ونظراً لاستقرار كلا من موجودات وحقوق ملكية الشركة
الخدمات الاستهلاكية,ريدان,6012,-7%,-13%,45%,4%,-14%,3%,تظهر النسبة إيجابية نظراً لاستقرار حقوق ملكية وموجودات الشركة 
الخدمات الاستهلاكية,التطويرية الغذائية,6013,4%,10%,63%,11%,3%,18%,تظهر النسبة إيجابية بسبب تحقيق الشركة لايرادات وارباح جيدة ونظراً لارتفاع حقوق ملكية الشركة  واستقرار موجوداتها وبسبب مديونيتها العاليه
الخدمات الاستهلاكية,الآمار,6014,2%,5%,56%,28%,2%,19%,تظهر النسبة إيجابية نظراً لاستقرار حقوق ملكية وموجودات الشركة  وبسبب مديونيتها العاليه
الخدمات الاستهلاكية,أمريكانا,6015,8%,31%,75%,53%,7%,35%,تظهر النسبة إيجابية نظراً لاستقرار حقوق ملكية وموجودات الشركة  وبسبب مديونيتها العاليه
الاعلام والترفيه,العربية,4071,4%,15%,71%,38%,17%,29%,تظهر النسبة إيجابية بسبب تحقيق إيرادات جيده ونظراً لاستقرار حقوق ملكية وموجودات الشركة  وايضاً بسبب مديونيتها العاليه
الاعلام والترفيه,مجموعة إم بي سي,4072,3%,6%,55%,34%,10%,21%,تظهر النسبة إيجابية بسبب تحقيق الشركة لايرادات وارباح جيدة ونظراً لارتفاع كلا من موجودات وحقوق ملكية الشركة وايضاً بسبب مديونيتها العاليه
الاعلام والترفيه,الأبحاث والإعلام,4210,5%,8%,42%,31%,11%,19%,تظهر النسبة إيجابية بسبب تحقيق الشركة لايرادات وارباح جيدة ونظراً لارتفاع كلا من موجودات وحقوق ملكية الشركة 
تجزئة وتوزيع السلع الكماليه,إكسترا,4003,7%,26%,72%,110%,8%,45%,تظهر النسبة إيجابية بسبب تحقيق الشركة لايرادات وارباح جيدة ونظراً لارتفاع كلا من موجودات وحقوق ملكية الشركة  وأيضا بسبب مديونيتها العاليه
تجزئة وتوزيع السلع الكماليه,ساكو,4008,-1%,-5%,74%,14%,-2%,16%,تظهر النسبة إيجابية بسبب تحقيق الشركة لايرادات وارباح جيدة ونظراً لارتفاع  الموجودات   وأيضا بسبب مديونيتها العاليه
تجزئة وتوزيع السلع الكماليه,ساسكو,4050,1%,4%,85%,3%,1%,19%,تظهر النسبة إيجابية بسبب تحقيق الشركة لايرادات وارباح جيدة ونظراً لاستقرار موجودات وحقوق الملكية الشركة  وأيضا بسبب مديونيتها العاليه 
تجزئة وتوزيع السلع الكماليه,باعظيم,4051,7%,9%,22%,39%,9%,17%,تظهر النسبة إيجابية بسبب تحقيق الشركة لايرادات وارباح جيدة ونظراً لاستقرار موجودات وحقوق الملكية الشركة  
تجزئة وتوزيع السلع الكماليه,جرير,4190,17%,39%,57%,12%,9%,27%,تظهر النسبة إيجابية بسبب تحقيق الشركة لايرادات وارباح جيدة ونظراً لاستقرار موجودات وحقوق الملكية الشركة  وأيضا بسبب مديونيتها العاليه 
تجزئة وتوزيع السلع الكماليه,أبو معطي,4191,4%,5%,31%,30%,9%,16%,تظهر النسبة إيجابية بسبب تحقيق الشركة لايرادات وارباح جيدة ونظراً لارتفاع موجودات وحقوق الملكية الشركة  
تجزئة وتوزيع السلع الكماليه,السيف غاليري,4192,4%,8%,45%,24%,6%,18%,تظهر النسبة إيجابية بسبب تحقيق الشركة لايرادات جيدة ونظراً لاستقرار موجودات وحقوق الملكية الشركة  
تجزئة وتوزيع السلع الكماليه,سينومي ريتيل,4240,-1%,6%,117%,12%,-1%,27%,تظهر النسبة إيجابية بسبب تحقيق الشركة لايرادات وارباح جيدة ونظراً لاستقرار موجودات الشركة وأيضا بسبب مديونيتها العاليه 
تجزئة وتوزيع السلع الاستهلاكيه,أسواق ع العثيم,4001,4%,22%,83%,22%,3%,27%,تظهر النسبة إيجابية بسبب تحقيق الشركة لايرادات جيدة ونظراً لاستقرار موجودات وحقوق الملكية الشركة  وأيضا بسبب مديونيتها العاليه 
تجزئة وتوزيع السلع الاستهلاكيه,أسواق المزرعة,4006,1%,3%,71%,32%,1%,22%,تظهر النسبة إيجابية بسبب تحقيق الشركة لايرادات وارباح جيدة ونظراً لاستقرار موجودات وحقوق ملكية الشركة وأيضا بسبب مديونيتها العاليه 
تجزئة وتوزيع السلع الاستهلاكيه,أنعام القابضة,4061,-1%,-2%,52%,60%,-13%,19%,تظهر النسبة إيجابية بسبب تحقيق الشركة لايرادات جيدة ونظراً لاستقرار موجودات وحقوق ملكية الشركة  
تجزئة وتوزيع السلع الاستهلاكيه,ثمار,4160,-13%,-57%,78%,,,,
تجزئة وتوزيع السلع الاستهلاكيه,بن داود,4161,3%,11%,71%,32%,4%,24%,تظهر النسبة إيجابية بسبب تحقيق الشركة لايرادات وارباح جيدة ونظراً لارتفاع موجودات وحقوق ملكية الشركة وأيضا بسبب مديونيتها العاليه 
تجزئة وتوزيع السلع الاستهلاكيه,المنجم,4162,12%,20%,39%,18%,9%,20%,تظهر النسبة إيجابية بسبب تحقيق الشركة لايرادات وارباح جيدة ونظراً لارتفاع موجودات وحقوق ملكية الشركة 
تجزئة وتوزيع السلع الاستهلاكيه,الدواء,4163,5%,19%,72%,36%,6%,28%,تظهر النسبة إيجابية بسبب تحقيق الشركة لايرادات وارباح جيدة ونظراً لارتفاع موجودات وحقوق ملكية الشركة وأيضا بسبب مديونيتها العاليه 
تجزئة وتوزيع السلع الاستهلاكيه,النهدي,4164,11%,28%,59%,37%,9%,29%,تظهر النسبة إيجابية بسبب تحقيق الشركة لايرادات وارباح جيدة ونظراً لاستقرار موجودات وحقوق ملكية الشركة وأيضا بسبب مديونيتها العاليه 
انتاج الأغذية,مجموعة صافولا,2050,2%,5%,53%,21%,4%,17%,تظهر النسبة إيجابية بسبب استقرار ايرادات وارباح الشركة ونظراً لارتفاع موجودات وحقوق ملكية الشركة
انتاج الأغذية,وفرة,2100,6%,7%,25%,34%,15%,17%,تظهر النسبة إيجابية بسبب تحقيق الشركة لايرادات وارباح جيدة ونظراً لارتفاع موجودات وحقوق الملكية الشركة  
انتاج الأغذية,سدافكو,2270,14%,23%,39%,36%,18%,26%,تظهر النسبة إيجابية ومرتفعة نسبياُ بسبب تحقيق الشركة لايرادات وارباح جيدة ونظراً لارتفاع موجودات وحقوق الملكية الشركة  
انتاج الأغذية,المراعي,2280,5%,10%,48%,32%,12%,21%,تظهر النسبة إيجابية بسبب تحقيق الشركة لايرادات وارباح جيدة ونظراً لاستقرار موجودات وحقوق الملكية الشركة  
انتاج الأغذية,تنمية,2281,3%,11%,71%,25%,4%,23%,تظهر النسبة إيجابية بسبب تحقيق الشركة لايرادات وارباح جيدة ونظراً لارتفاع موجودات وحقوق ملكية الشركة وأيضا بسبب مديونيتها العاليه 
انتاج الأغذية,نقي,2282,9%,11%,14%,35%,17%,17%,تظهر النسبة إيجابية بسبب ارتفاع موجودات وحقوق الملكية الشركة  وتحقيق إيرادات جيدة
انتاج الأغذية,المطاحن الأولى,2283,7%,21%,65%,43%,24%,32%,تظهر النسبة إيجابية بسبب تحقيق الشركة لايرادات وارباح جيدة ونظراً لاستقرار موجودات وحقوق ملكية الشركة وأيضا بسبب مديونيتها العاليه 
انتاج الأغذية,المطاحن الحديثة,2284,13%,75%,83%,37%,22%,46%,تظهر النسبة إيجابية بسبب تحقيق الشركة لايرادات وارباح جيدة ونظراً لارتفاع الموجودات واستقرار حقوق ملكية الشركة وأيضا بسبب مديونيتها العاليه 
انتاج الأغذية,المطاحن العربية,2285,7%,16%,58%,47%,22%,30%,تظهر النسبة إيجابية بسبب تحقيق الشركة لايرادات وارباح جيدة ونظراً لارتفاع موجودات وحقوق ملكية الشركة وأيضا بسبب مديونيتها العاليه 
انتاج الأغذية,سناد القابضة,4080,0%,0%,46%,31%,0%,16%,تظهر النسبة إيجابية بسبب تحقيق الشركة لايرادات وارباح جيدة ونظراً لاستقرار موجودات وحقوق ملكية الشركة 
انتاج الأغذية,حلواني إخوان,6001,3%,10%,54%,30%,4%,20%,تظهر النسبة إيجابية بسبب تحقيق الشركة لايرادات وارباح جيدة ونظراً لاستقرار موجودات وحقوق ملكية الشركة 
انتاج الأغذية,نادك,6010,6%,8%,31%,37%,13%,19%,تظهر النسبة إيجابية بسبب تحقيق الشركة لايرادات وارباح جيدة ونظراً لارتفاع موجودات وحقوق ملكية الشركة 
انتاج الأغذية,جاكو,6020,-1%,-2%,33%,85%,-62%,11%,تظهر النسبة إيجابية بسبب استقرار موجودات وحقوق ملكية الشركة بالرغم من تحقيقها لخسائر هذه الفترة
انتاج الأغذية,تبوك الزراعية,6040,-9%,-16%,43%,-21%,-118%,-24%,تظهر النسبه سالبه بسبب ارتفاع تكاليف إيرادات الشركة والتكاليف التمويلية 
انتاج الأغذية,الأسماك,6050,-20%,-42%,52%,-60%,-276%,-69%,تظهر النسبه سالبه ومنخفضه بسبب ارتفاع تكاليف إيرادات الشركة وخسارة الموجودات وكذلك التكاليف التشغيلية للشركة 
انتاج الأغذية,الشرقية للتنمية,6060,2%,2%,14%,8%,17%,9%,تظهر النسبة إيجابية بسبب تحقيق الشركة لايرادات وارباح جيدة ونظراً لارتفاع موجودات وحقوق ملكية الشركة 
انتاج الأغذية,الجوف,6070,6%,9%,38%,34%,16%,20%,تظهر النسبة إيجابية بسبب تحقيق الشركة لايرادات وارباح جيدة ونظراً لارتفاع موجودات وحقوق ملكية الشركة 
انتاج الأغذية,جازادكو,6090,-13%,-17%,20%,-58%,-115%,-37%,تظهر النسبه سالبه ومنخفضه بسبب ارتفاع تكاليف إيرادات الشركة والتكاليف التشغيلية لعمليات الشركة 
المنتجات المنزلية والشخصيه,الماجد للعود,4165,19%,32%,41%,68%,21%,36%,تظهر النسبة إيجابية بسبب تحقيق الشركة لايرادات وارباح جيدة ونظراً لاستقرار موجودات وحقوق ملكية الشركة 
الرعايه الصحيه,أيان,2140,0%,0%,66%,13%,17%,19%,تظهر النسبة إيجابية بسبب تحقيق الشركة ارباح جيدة ونظراً لاستقرار موجودات وحقوق ملكية الشركة وأيضا بسبب مديونيتها العاليه
الرعايه الصحيه,الكيميائية,2230,4%,12%,68%,13%,5%,20%,تظهر النسبة إيجابية بسبب تحقيق الشركة لايرادات وارباح جيدة ونظراً لارتفاع موجودات وحقوق ملكية الشركة وأيضا بسبب مديونيتها العاليه 
الرعايه الصحيه,المواساة,4002,9%,14%,34%,119%,27%,41%,تظهر النسبة إيجابية ومرتفعة نسبياً بسبب تحقيق الشركة لايرادات وارباح جيدة ونظراً لارتفاع موجودات وحقوق ملكية الشركة 
الرعايه الصحيه,دله الصحية,4004,6%,10%,44%,38%,16%,23%,تظهر النسبة إيجابية بسبب تحقيق الشركة لايرادات وارباح جيدة ونظراً لارتفاع موجودات وحقوق ملكية الشركة 
الرعايه الصحيه,رعاية,4005,9%,14%,31%,36%,23%,23%,تظهر النسبة إيجابية بسبب تحقيق الشركة لايرادات وارباح جيدة ونظراً لارتفاع موجودات وحقوق ملكية الشركة 
الرعايه الصحيه,الحمادي,4007,10%,13%,26%,33%,31%,23%,تظهر النسبة إيجابية بسبب تحقيق الشركة لايرادات وارباح جيدة ونظراً لارتفاع موجودات وحقوق ملكية الشركة 
الرعايه الصحيه,السعودي الألماني الصحية,4009,3%,10%,66%,39%,8%,25%,تظهر النسبة إيجابية بسبب تحقيق الشركة لايرادات وارباح جيدة ونظراً لاستقرار موجودات وحقوق ملكية الشركة وأيضا بسبب مديونيتها العاليه 
الرعايه الصحيه,سليمان الحبيب,4013,9%,23%,61%,34%,22%,30%,تظهر النسبة إيجابية بسبب تحقيق الشركة لايرادات وارباح جيدة ونظراً لارتفاع موجودات وحقوق ملكية الشركة وأيضا بسبب مديونيتها العاليه 
الرعايه الصحيه,دار المعدات,4014,3%,5%,47%,16%,4%,15%,تظهر النسبة إيجابية بسبب تحقيق الشركة لايرادات وارباح جيدة ونظراً لاستقرار موجودات وحقوق ملكية الشركة 
الرعايه الصحيه,فقيه الطبية,4017,4%,6%,37%,26%,10%,16%,تظهر النسبة إيجابية بسبب تحقيق الشركة لايرادات وارباح جيدة ونظراً لارتفاع موجودات وحقوق ملكية الشركة 
الادويه,الدوائية,2070,2%,4%,64%,50%,5%,25%,تظهر النسبة إيجابية بسبب تحقيق الشركة لايرادات وارباح جيدة ونظراً لارتفاع موجودات وحقوق ملكية الشركة وأيضا بسبب مديونيتها العاليه 
الادويه,جمجوم فارما,4015,16%,21%,22%,63%,29%,30%,تظهر النسبة إيجابية ومرتفعة نسبياً بسبب تحقيق الشركة لايرادات وارباح جيدة ونظراً لارتفاع موجودات وحقوق ملكية الشركة 
الادويه,أفالون فارما,4016,7%,11%,34%,61%,14%,25%,تظهر النسبة إيجابية ومرتفعة نسبياً بسبب تحقيق الشركة لايرادات وارباح جيدة ونظراً لارتفاع موجودات وحقوق ملكية الشركة 
البنوك,الرياض,1010,1%,4%,85%,73%,43%,41%,تظهر النسبة إيجابية بسبب تحقيق الشركة لايرادات وارباح جيدة ونظراً لارتفاع موجودات وحقوق ملكية الشركة وأيضا بسبب مديونيتها العاليه 
البنوك,الجزيرة,1020,1%,5%,88%,48%,16%,32%,تظهر النسبة إيجابية بسبب تحقيق الشركة لايرادات وارباح جيدة ونظراً لارتفاع موجودات وحقوق ملكية الشركة وأيضا بسبب مديونيتها العاليه 
البنوك,الإستثمار,1030,1%,8%,88%,47%,22%,33%,تظهر النسبة إيجابية بسبب تحقيق الشركة لايرادات وارباح جيدة ونظراً لارتفاع موجودات وحقوق ملكية الشركة وأيضا بسبب مديونيتها العاليه 
البنوك,بي اس اف,1050,1%,7%,84%,58%,28%,36%,تظهر النسبة إيجابية بسبب تحقيق الشركة لايرادات وارباح جيدة ونظراً لارتفاع موجودات وحقوق ملكية الشركة وأيضا بسبب مديونيتها العاليه 
البنوك,الأول,1060,2%,9%,84%,69%,39%,40%,تظهر النسبة إيجابية بسبب تحقيق الشركة لايرادات جيدة ونظراً لارتفاع موجودات وحقوق ملكية الشركة وأيضا بسبب مديونيتها العاليه 
البنوك,العربي,1080,2%,10%,85%,65%,34%,39%,تظهر النسبة إيجابية بسبب تحقيق الشركة لايرادات وارباح جيدة ونظراً لارتفاع موجودات وحقوق ملكية الشركة وأيضا بسبب مديونيتها العاليه 
البنوك,الراجحي,1120,2%,12%,87%,68%,42%,42%,تظهر النسبة إيجابية بسبب تحقيق الشركة لايرادات وارباح جيدة ونظراً لارتفاع موجودات وحقوق ملكية الشركة وأيضا بسبب مديونيتها العاليه 
البنوك,البلاد,1140,1%,13%,90%,66%,32%,40%,تظهر النسبة إيجابية بسبب تحقيق الشركة لايرادات وارباح جيدة ونظراً لارتفاع موجودات وحقوق ملكية الشركة وأيضا بسبب مديونيتها العاليه 
البنوك,الإنماء,1150,2%,2%,85%,68%,36%,38%,تظهر النسبة إيجابية بسبب تحقيق الشركة لايرادات وارباح جيدة ونظراً لارتفاع موجودات وحقوق ملكية الشركة وأيضا بسبب مديونيتها العاليه 
البنوك,الأهلي,1180,1%,1%,84%,63%,36%,37%,تظهر النسبة إيجابية بسبب تحقيق الشركة لايرادات وارباح جيدة ونظراً لارتفاع موجودات وحقوق ملكية الشركة وأيضا بسبب مديونيتها العاليه 
الخدمات الماليه,مجموعة تداول,1111,5%,15%,65%,63%,46%,39%,تظهر النسبة إيجابية بسبب تحقيق الشركة لايرادات وارباح جيدة ونظراً لارتفاع موجودات وحقوق ملكية الشركة وأيضا بسبب مديونيتها العاليه 
الخدمات الماليه,أملاك,1182,1%,2%,72%,103%,9%,37%,تظهر النسبة إيجابية بسبب تحقيق الشركة لايرادات وارباح جيدة ونظراً لارتفاع موجودات وحقوق ملكية الشركة وأيضا بسبب مديونيتها العاليه 
الخدمات الماليه,سهل,1183,0%,1%,63%,101%,6%,34%,تظهر النسبة إيجابية بسبب تحقيق الشركة لايرادات وارباح جيدة ونظراً لارتفاع موجودات وحقوق ملكية الشركة وأيضا بسبب مديونيتها العاليه 
الخدمات الماليه,متطورة,2120,21%,23%,10%,100%,88%,48%,تظهر النسبة إيجابية ومرتفعة نسبياً بسبب تحقيق الشركة لايرادات وارباح جيدة ونظراً لارتفاع موجودات وحقوق ملكية الشركة 
الخدمات الماليه,النايفات,4081,5%,6%,28%,87%,35%,32%,تظهر النسبة إيجابية ومرتفعة نسبياً بسبب تحقيق الشركة لايرادات وارباح جيدة ونظراً لاستقرار موجودات وحقوق ملكية الشركة 
الخدمات الماليه,مرنة,4082,1%,2%,43%,78%,11%,27%,تظهر النسبة إيجابية ومرتفعة نسبياً بسبب تحقيق الشركة لايرادات جيدة ونظراً لاستقرار موجودات وحقوق ملكية الشركة 
الخدمات الماليه,الباحة,4130,1%,1%,14%,75%,20%,22%,تظهر النسبة إيجابية بسبب تحقيق الشركة لايرادات وارباح جيدة ونظراً لارتفاع موجودات وحقوق ملكية الشركة 
الخدمات الماليه,المملكة,4280,2%,3%,29%,91%,100%,45%,تظهر النسبة إيجابية ومرتفعة نسبياً بسبب تحقيق الشركة لايرادات وارباح جيدة ونظراً لارتفاع موجودات وحقوق ملكية الشركة 
التامين,التعاونية,8010,4%,20%,79%,15%,6%,25%,تظهر النسبة إيجابية بسبب تحقيق الشركة لايرادات وارباح جيدة ونظراً لارتفاع موجودات وحقوق ملكية الشركة وأيضا بسبب مديونيتها العاليه 
التامين,جزيرة تكافل,8012,1%,3%,69%,12%,13%,20%,تظهر النسبة إيجابية بسبب تحقيق الشركة لايرادات وارباح جيدة ونظراً لارتفاع موجودات وحقوق ملكية الشركة وأيضا بسبب مديونيتها العاليه 
التامين,ملاذ للتأمين,8020,2%,4%,62%,3%,2%,15%,تظهر النسبة إيجابية بسبب تحقيق الشركة لايرادات وارباح مستقرة ونظراً لارتفاع موجودات وحقوق ملكية الشركة وأيضا بسبب مديونيتها العاليه 
التامين,ميدغلف للتأمين,8030,3%,10%,66%,1%,4%,17%,تظهر النسبة إيجابية بسبب تحقيق الشركة لايرادات جيدة ونظراً لاستقرار موجودات وحقوق ملكية الشركة وأيضا بسبب مديونيتها العاليه 
التامين,أليانز إس إف,8040,1%,2%,60%,12%,2%,15%,تظهر النسبة إيجابية بسبب تحقيق الشركة لايرادات جيدة ونظراً لاستقرار موجودات وحقوق ملكية الشركة وأيضا بسبب مديونيتها العاليه 
التامين,سلامة,8050,3%,12%,71%,6%,5%,20%,تظهر النسبة إيجابية بسبب ارتفاع موجودات وحقوق ملكية الشركة وأيضا بسبب مديونيتها العاليه 
التامين,ولاء,8060,2%,6%,68%,41%,3%,24%,تظهر النسبة إيجابية بسبب تحقيق الشركة لايرادات جيدة ونظراً لارتفاع موجودات وحقوق ملكية الشركة وأيضا بسبب مديونيتها العاليه 
التامين,الدرع العربي,8070,2%,5%,54%,14%,7%,16%,تظهر النسبة إيجابية ومرتفعة نسبياً بسبب تحقيق الشركة لايرادات وارباح جيدة ونظراً لارتفاع موجودات وحقوق ملكية الشركة 
التامين,سايكو,8100,2%,11%,82%,26%,5%,25%,تظهر النسبة إيجابية بسبب تحقيق الشركة لايرادات جيدة ونظراً لاستقرار موجودات وحقوق ملكية الشركة وأيضا بسبب مديونيتها العاليه 
التامين,إتحاد الخليج الأهلية,8120,4%,7%,46%,7%,7%,14%,تظهر النسبة إيجابية بسبب تحقيق الشركة لايرادات جيدة ونظراً لارتفاع موجودات وحقوق ملكية الشركة 
التامين,أسيج,8150,3%,11%,71%,4%,4%,19%,تظهر النسبة إيجابية بسبب تحقيق الشركة لايرادات وارباح مستقرة ونظراً لارتفاع موجودات وحقوق ملكية الشركة وأيضا بسبب مديونيتها العاليه 
التامين,التأمين العربية,8160,2%,6%,65%,31%,7%,22%,تظهر النسبة إيجابية بسبب استقرار موجودات وحقوق ملكية الشركة وأيضا بسبب مديونيتها العاليه 
التامين,الاتحاد,8170,4%,8%,56%,8%,5%,16%,تظهر النسبة إيجابية بسبب تحقيق الشركة لايرادات وارباح مستقرة ونظراً لاستقرار موجودات وحقوق ملكية الشركة 
التامين,الصقر للتأمين,8180,3%,6%,49%,5%,6%,14%,تظهر النسبة إيجابية بسبب تحقيق الشركة لايرادات وارباح مستقرة ونظراً لارتفاع موجودات وحقوق ملكية الشركة 
التامين,المتحدة للتأمين,8190,1%,2%,59%,3%,1%,13%,تظهر النسبة إيجابية بسبب تحقيق الشركة لايرادات مستقرة وتحقيق أرباح بعد خسائر سابقة ونظراً لارتفاع موجودات وحقوق ملكية الشركة 
التامين,الإعادة السعودية,8200,15%,29%,49%,17%,58%,34%,تظهر النسبة إيجابية ومرتفعة نسبياً بسبب تحقيق الشركة لايرادات وارباح جيدة ونظراً لارتفاع موجودات وحقوق ملكية الشركة 
التامين,بوبا العربية,8210,7%,21%,66%,8%,8%,22%,تظهر النسبة إيجابية بسبب تحقيق الشركة لايرادات وارباح جيدة ونظراً لارتفاع موجودات وحقوق ملكية الشركة وأيضا بسبب مديونيتها العاليه 
التامين,تكافل الراجحي,8230,3%,14%,81%,17%,7%,24%,تظهر النسبة إيجابية بسبب تحقيق الشركة لايرادات وارباح جيدة ونظراً لارتفاع موجودات وحقوق ملكية الشركة وأيضا بسبب مديونيتها العاليه 
التامين,تْشب,8240,2%,3%,37%,5%,4%,10%,تظهر النسبة إيجابية بسبب تحقيق الشركة لايرادات وارباح جيدة ونظراً لاستقرار موجودات وحقوق ملكية الشركة  
التامين,جي آي جي,8250,2%,5%,61%,6%,5%,16%,تظهر النسبة إيجابية بسبب تحقيق الشركة لايرادات وارباح مستقرة ونظراً لاستقرار موجودات وحقوق ملكية الشركة وأيضا بسبب مديونيتها العاليه 
التامين,الخليجية العامة,8260,-3%,-5%,42%,-5%,-5%,5%,تظهر النسبة إيجابية بسبب تحقيق الشركة لايرادات جيدة ونظراً لاستقرار موجودات وحقوق ملكية الشركة  
التامين,بروج للتأمين,8270,1%,2%,42%,2%,3%,10%,تظهر النسبة إيجابية بسبب تحقيق الشركة لايرادات وارباح جيدة ونظراً لاستقرار موجودات وحقوق ملكية الشركة  
التامين,ليفا,8280,3%,5%,52%,7%,7%,15%,تظهر النسبة إيجابية بسبب تحقيق الشركة لايرادات وارباح جيدة ونظراً لارتفاع موجودات وحقوق ملكية الشركة  
التامين,الوطنية,8300,3%,13%,68%,4%,5%,19%,تظهر النسبة إيجابية بسبب تحقيق الشركة لايرادات وارباح جيدة ونظراً لارتفاع موجودات وحقوق ملكية الشركة وأيضا بسبب مديونيتها العاليه 
التامين,أمانة للتأمين,8310,3%,4%,36%,8%,8%,12%,تظهر النسبة إيجابية بسبب تحقيق الشركة لايرادات جيدة ونظراً لارتفاع موجودات وحقوق ملكية الشركة  
التامين,عناية,8311,-6%,-10%,40%,-10%,-10%,1%,تظهر النسبة إيجابية بسبب استقرار موجودات وحقوق ملكية الشركة  
التامين,رسن,8313,8%,15%,44%,60%,23%,30%,تظهر النسبة إيجابية ومرتفعة نسبياً بسبب تحقيق الشركة لايرادات وارباح جيدة ونظراً لارتفاع موجودات وحقوق ملكية الشركة  
التطبيقات وخدمات التقنية,ام آي اس,7200,5%,29%,84%,21%,13%,30%,تظهر النسبة إيجابية بسبب تحقيق الشركة لارباح جيدة ونظراً لارتفاع موجودات وحقوق ملكية الشركة وأيضا بسبب مديونيتها العاليه 
التطبيقات وخدمات التقنية,بحر العرب,7201,-14%,-18%,21%,5%,-70%,-15%,تظهر النسبه سالبه بسبب ارتفاع تكاليف إيرادات الشركة والتكاليف التمويلية والتشغيلية
التطبيقات وخدمات التقنية,سلوشنز,7202,12%,34%,66%,25%,15%,30%,تظهر النسبة إيجابية بسبب تحقيق الشركة لايرادات وارباح جيدة ونظراً لاستقرار موجودات وحقوق ملكية الشركة وأيضا بسبب مديونيتها العاليه 
التطبيقات وخدمات التقنية,علم,7203,15%,28%,46%,42%,25%,31%,تظهر النسبة إيجابية بسبب تحقيق الشركة لايرادات وارباح جيدة ونظراً لاستقرار موجودات وحقوق ملكية الشركة 
التطبيقات وخدمات التقنية,توبي,7204,9%,25%,63%,22%,16%,27%,تظهر النسبة إيجابية بسبب تحقيق الشركة لايرادات وارباح جيدة ونظراً لارتفاع موجودات وحقوق ملكية الشركة وأيضا بسبب مديونيتها العاليه 
الاتصالات,اس تي سي,7010,7%,14%,49%,49%,20%,28%,تظهر النسبة إيجابية ومرتفعة نسبياً بسبب تحقيق الشركة لايرادات وارباح جيدة ونظراً لارتفاع موجودات وحقوق ملكية الشركة
الاتصالات,إتحاد إتصالات,7020,6%,12%,53%,55%,16%,28%,تظهر النسبة إيجابية ومرتفعة نسبياً بسبب تحقيق الشركة لايرادات وارباح جيدة ونظراً لاستقرار موجودات وحقوق ملكية الشركة 
الاتصالات,زين السعودية,7030,1%,3%,61%,63%,4%,26%,تظهر النسبة إيجابية بسبب تحقيق الشركة لايرادات وارباح جيدة ونظراً لاستقرار موجودات وحقوق ملكية الشركة وأيضا بسبب مديونيتها العاليه 
الاتصالات,عذيب للإتصالات,7040,7%,16%,55%,30%,16%,25%,تظهر النسبة إيجابية ومرتفعة نسبياً بسبب تحقيق الشركة لايرادات وارباح جيدة ونظراً لارتفاع موجودات وحقوق ملكية الشركة
المرافق العامه,الغاز,2080,7%,10%,27%,13%,9%,13%,تظهر النسبة إيجابية ومرتفعة نسبياً بسبب تحقيق الشركة لايرادات وارباح جيدة ونظراً لارتفاع موجودات وحقوق ملكية الشركة
المرافق العامه,الخريف,2081,7%,23%,69%,21%,12%,26%,تظهر النسبة إيجابية بسبب تحقيق الشركة لايرادات وارباح جيدة ونظراً لارتفاع موجودات وحقوق ملكية الشركة وأيضا بسبب مديونيتها العاليه 
المرافق العامه,أكوا باور,2082,2%,6%,62%,54%,29%,31%,تظهر النسبة إيجابية بسبب تحقيق الشركة لايرادات وارباح جيدة ونظراً لارتفاع موجودات وحقوق ملكية الشركة وأيضا بسبب مديونيتها العاليه 
المرافق العامه,مرافق,2083,1%,4%,65%,14%,6%,18%,تظهر النسبة إيجابية بسبب تحقيق الشركة لايرادات جيدة ونظراً لاستقرار موجودات وحقوق ملكية الشركة وأيضا بسبب مديونيتها العاليه 
المرافق العامه,مياهنا,2084,4%,11%,61%,32%,18%,25%,تظهر النسبة إيجابية بسبب تحقيق الشركة لايرادات وارباح جيدة ونظراً لارتفاع موجودات وحقوق ملكية الشركة وأيضا بسبب مديونيتها العاليه 
المرافق العامه,كهرباء السعودية,5110,2%,5%,52%,24%,18%,20%,تظهر النسبة إيجابية بسبب تحقيق الشركة لايرادات وارباح جيدة ونظراً لارتفاع موجودات وحقوق ملكية الشركة  
الصناديق العقاريه المتداوله,الرياض ريت,4330,0%,0%,52%,63%,5%,24%,تظهر النسبة إيجابية بسبب تحقيق الشركة لايرادات جيدة ونظراً لاستقرار موجودات وحقوق ملكية الشركة 
الصناديق العقاريه المتداوله,الجزيرة ريت,4331,5%,6%,2%,105%,168%,57%,تظهر النسبة إيجابية ومرتفعة نسبياً بسبب تحقيق الشركة لايرادات وارباح جيدة ونظراً لارتفاع موجودات وحقوق ملكية الشركة
الصناديق العقاريه المتداوله,جدوى ريت الحرمين,4332,1%,1%,31%,98%,36%,34%,تظهر النسبة إيجابية ومرتفعة نسبياً بسبب تحقيق الشركة لايرادات وارباح جيدة ونظراً لارتفاع موجودات وحقوق ملكية الشركة
الصناديق العقاريه المتداوله,تعليم ريت,4333,2%,3%,36%,108%,50%,40%,تظهر النسبة إيجابية ومرتفعة نسبياً بسبب تحقيق الشركة لايرادات وارباح جيدة ونظراً لاستقرار موجودات وحقوق ملكية الشركة
الصناديق العقاريه المتداوله,مشاركة ريت,4335,-1%,-2%,53%,111%,-30%,26%,تظهر النسبة إيجابية بسبب تحقيق الشركة لايرادات جيدة ونظراً لاستقرار موجودات وحقوق ملكية الشركة 
الصناديق العقاريه المتداوله,ملكية ريت,4336,1%,1%,40%,155%,20%,43%,تظهر النسبة إيجابية ومرتفعة نسبياً بسبب تحقيق الشركة لايرادات وارباح جيدة ونظراً لاستقرار موجودات وحقوق ملكية الشركة
الصناديق العقاريه المتداوله,سيكو السعودية ريت,4337,-24%,-40%,41%,102%,-1016%,-187%,تظهر النسبه سالبه ومنخفضه بشكل كبير بسبب ارتفاع تكاليف الشركة على إيراداتها نظرا للظروف العقارية العامة 
الصناديق العقاريه المتداوله,الأهلي ريت 1,4338,,,,,,,
الصناديق العقاريه المتداوله,دراية ريت,4339,1%,1%,42%,100%,24%,34%,تظهر النسبة إيجابية ومرتفعة نسبياً بسبب تحقيق الشركة لايرادات وارباح جيدة ونظراً لارتفاع موجودات وحقوق ملكية الشركة
الصناديق العقاريه المتداوله,الراجحي ريت,4340,2%,3%,30%,102%,61%,40%,تظهر النسبة إيجابية ومرتفعة نسبياً بسبب تحقيق الشركة لايرادات وارباح جيدة ونظراً لاستقرار موجودات وحقوق ملكية الشركة
الصناديق العقاريه المتداوله,جدوى ريت السعودية,4342,1%,1%,24%,92%,27%,29%,تظهر النسبة إيجابية ومرتفعة نسبياً بسبب تحقيق الشركة لايرادات جيدة ونظراً لارتفاع موجودات وحقوق ملكية الشركة
الصناديق العقاريه المتداوله,سدكو كابيتال ريت,4344,1%,1%,36%,101%,20%,32%,تظهر النسبة إيجابية ومرتفعة نسبياً بسبب تحقيق الشركة لايرادات وارباح جيدة ونظراً لاستقرار موجودات وحقوق ملكية الشركة
الصناديق العقاريه المتداوله,الإنماء ريت للتجزئة,4345,-7%,-9%,27%,101%,-431%,-64%,تظهر النسبه سالبه ومنخفضه بسبب ارتفاع تكاليف تشغيل الشركة ونظرا للظروف العقارية العامة 
الصناديق العقاريه المتداوله,بنيان ريت,4347,,,,,,,
الصناديق العقاريه المتداوله,الخبير ريت,4348,3%,4%,43%,100%,72%,44%,تظهر النسبة إيجابية ومرتفعة نسبياً بسبب تحقيق الشركة لايرادات وارباح جيدة ونظراً لارتفاع موجودات وحقوق ملكية الشركة
الصناديق العقاريه المتداوله,الإنماء ريت الفندقي,4349,2%,2%,1%,76%,66%,29%,تظهر النسبة إيجابية ومرتفعة نسبياً بسبب تحقيق الشركة لايرادات وارباح ونظراً لارتفاع موجودات وحقوق ملكية الشركة
إدارة وتطوير العقارات,العقارية,4020,1%,2%,46%,31%,8%,18%,تظهر النسبة إيجابية بسبب تحقيق الشركة لايرادات وارباح جيدة ونظراً لارتفاع موجودات وحقوق ملكية الشركة
إدارة وتطوير العقارات,طيبة,4090,3%,4%,29%,41%,25%,20%,تظهر النسبة إيجابية بسبب تحقيق الشركة لايرادات وارباح جيدة ونظراً لارتفاع موجودات وحقوق ملكية الشركة
إدارة وتطوير العقارات,مكة,4100,6%,7%,12%,55%,48%,26%,تظهر النسبة إيجابية ومرتفعة نسبياً بسبب تحقيق الشركة لايرادات وارباح جيدة ونظراً لارتفاع موجودات وحقوق ملكية الشركة
إدارة وتطوير العقارات,التعمير,4150,7%,8%,13%,62%,88%,36%,تظهر النسبة إيجابية ومرتفعة نسبياً بسبب تحقيق الشركة لايرادات وارباح جيدة ونظراً لارتفاع موجودات وحقوق ملكية الشركة
إدارة وتطوير العقارات,إعمار,4220,-8%,-22%,65%,-69%,-478%,-102%,تظهر النسبه سالبه ومنخفضه بسبب ارتفاع تكاليف إيرادات الشركة والتكاليف التمويلية والتشغيلية وتكاليف خسائر في شركات مستثمر فيها بطريقة حقوق الملكية
إدارة وتطوير العقارات,البحر الأحمر,4230,0%,0%,82%,12%,0%,19%,تظهر النسبة إيجابية بسبب تحقيق الشركة لايرادات وارباح جيدة ونظراً لاستقرار موجودات وحقوق ملكية الشركة وأيضا بسبب مديونيتها العاليه 
إدارة وتطوير العقارات,جبل عمر,4250,-1%,-1%,54%,35%,-10%,15%,تظهر النسبة إيجابية بسبب تحقيق الشركة لايرادات جيدة ونظراً لاستقرار موجودات وحقوق ملكية الشركة
إدارة وتطوير العقارات,دار الأركان,4300,1%,2%,41%,42%,17%,21%,تظهر النسبة إيجابية بسبب تحقيق الشركة لايرادات وارباح جيدة ونظراً لارتفاع موجودات وحقوق ملكية الشركة
إدارة وتطوير العقارات,مدينة المعرفة,4310,-1%,-2%,32%,21%,-104%,-11%,تظهر النسبه سالبه بسبب ارتفاع تكاليف إيرادات الشركة والتكاليف التشغيلية
إدارة وتطوير العقارات,الأندلس,4320,0%,-1%,49%,61%,-6%,21%,تظهر النسبة إيجابية بسبب تحقيق الشركة لايرادات جيدة ونظراً لاستقرار موجودات وحقوق ملكية الشركة
إدارة وتطوير العقارات,سينومي سنترز,4321,3%,6%,51%,83%,49%,38%,تظهر النسبة إيجابية ومرتفعة نسبياً بسبب تحقيق الشركة لايرادات جيدة ونظراً لارتفاع موجودات وحقوق ملكية الشركة
إدارة وتطوير العقارات,رتال,4322,5%,24%,81%,25%,13%,29%,تظهر النسبة إيجابية ومرتفعة نسبياً بسبب تحقيق الشركة لايرادات وارباح جيدة ونظراً لارتفاع موجودات وحقوق ملكية الشركة وأيضا بسبب مديونيتها العاليه 
إدارة وتطوير العقارات,سمو,4323,7%,14%,51%,26%,26%,25%,تظهر النسبة إيجابية ومرتفعة نسبياً بسبب تحقيق الشركة لايرادات وارباح جيدة ونظراً لارتفاع موجودات وحقوق ملكية الشركة
إدارة وتطوير العقارات,بنان,4324,6%,7%,13%,64%,51%,28%,تظهر النسبة إيجابية ومرتفعة نسبياً بسبب تحقيق الشركة لايرادات وارباح جيدة ونظراً لاستقرار موجودات وحقوق ملكية الشركة